address,opa_account,group,our_call,why_uncertain,what_to_look_for,records_found,google_maps,street_view,checked_on,what_you_saw
2725 W OAKDALE ST,281357800,"building, high, on the City list","building, high","The City and at least one L&I record say vacant, but an aerial photo cannot see whether anyone lives there.","Boarded or open doors and windows, no curtains, mail or flyers piling up, utility meters removed, a vacant property sign.",City lists it as a likely vacant building; on the City's unsafe building list; vacant property violation or complaint since October 2024; the 2023 land use map shows a use other than vacant,"https://www.google.com/maps/search/?api=1&query=39.996381,-75.176383","https://www.google.com/maps/@?api=1&map_action=pano&viewpoint=39.996381,-75.176383",,
5636 N MARVINE ST,493104800,"building, high, on the City list","building, high","The City and at least one L&I record say vacant, but an aerial photo cannot see whether anyone lives there.","Boarded or open doors and windows, no curtains, mail or flyers piling up, utility meters removed, a vacant property sign.",City lists it as a likely vacant building; on the City's unsafe building list; the 2023 land use map shows a use other than vacant,"https://www.google.com/maps/search/?api=1&query=40.039032,-75.140291","https://www.google.com/maps/@?api=1&map_action=pano&viewpoint=40.039032,-75.140291",,
1425 FITZWATER ST,301087200,"building, high, on the City list","building, high","The City and at least one L&I record say vacant, but an aerial photo cannot see whether anyone lives there.","Boarded or open doors and windows, no curtains, mail or flyers piling up, utility meters removed, a vacant property sign.",City lists it as a likely vacant building; vacant lot violation or complaint since October 2024; vacant property violation or complaint since October 2024; the 2023 land use map shows a use other than vacant,"https://www.google.com/maps/search/?api=1&query=39.942123,-75.167029","https://www.google.com/maps/@?api=1&map_action=pano&viewpoint=39.942123,-75.167029",,
2801 N 26TH ST,381137700,"building, high, on the City list","building, high","The City and at least one L&I record say vacant, but an aerial photo cannot see whether anyone lives there.","Boarded or open doors and windows, no curtains, mail or flyers piling up, utility meters removed, a vacant property sign.",City lists it as a likely vacant building; the assessor noted a vacant or sealed exterior; the 2023 land use map shows a use other than vacant,"https://www.google.com/maps/search/?api=1&query=39.998106,-75.173355","https://www.google.com/maps/@?api=1&map_action=pano&viewpoint=39.998106,-75.173355",,
1904 WALLACE ST,152074900,"building, high, on the City list","building, high","The City and at least one L&I record say vacant, but an aerial photo cannot see whether anyone lives there.","Boarded or open doors and windows, no curtains, mail or flyers piling up, utility meters removed, a vacant property sign.",City lists it as a likely vacant building; on the City's unsafe building list; the 2023 land use map shows a use other than vacant,"https://www.google.com/maps/search/?api=1&query=39.965983,-75.169102","https://www.google.com/maps/@?api=1&map_action=pano&viewpoint=39.965983,-75.169102",,
3126 N CARLISLE ST,111152000,"building, high, on the City list","building, high","The City and at least one L&I record say vacant, but an aerial photo cannot see whether anyone lives there.","Boarded or open doors and windows, no curtains, mail or flyers piling up, utility meters removed, a vacant property sign.",City lists it as a likely vacant building; vacant property violation or complaint since October 2024; the assessor noted a vacant or sealed exterior; the 2023 land use map shows a use other than vacant,"https://www.google.com/maps/search/?api=1&query=40.000751,-75.154309","https://www.google.com/maps/@?api=1&map_action=pano&viewpoint=40.000751,-75.154309",,
6150 VANDIKE ST,411332300,"building, high, not on the City list","building, high","Two or more L&I records say vacant (sealed, unsafe, or a vacant property case), but the City's list leaves it out.",Same signs of vacancy; also whether repair work has started.,"sealed by the City in 2026, no permit since; vacant property violation or complaint since October 2024; the 2023 land use map shows a use other than vacant","https://www.google.com/maps/search/?api=1&query=40.018806,-75.056027","https://www.google.com/maps/@?api=1&map_action=pano&viewpoint=40.018806,-75.056027",,
2004 S AVONDALE ST,401187400,"building, high, not on the City list","building, high","Two or more L&I records say vacant (sealed, unsafe, or a vacant property case), but the City's list leaves it out.",Same signs of vacancy; also whether repair work has started.,"sealed by the City in 2024, no permit since; the assessor noted a vacant or sealed exterior; the 2023 land use map shows a use other than vacant","https://www.google.com/maps/search/?api=1&query=39.927536,-75.235314","https://www.google.com/maps/@?api=1&map_action=pano&viewpoint=39.927536,-75.235314",,
5952 BELMAR ST,034111400,"building, high, not on the City list","building, high","Two or more L&I records say vacant (sealed, unsafe, or a vacant property case), but the City's list leaves it out.",Same signs of vacancy; also whether repair work has started.,"sealed by the City in 2025, no permit since; vacant property violation or complaint since October 2024; the 2023 land use map shows a use other than vacant","https://www.google.com/maps/search/?api=1&query=39.935156,-75.232805","https://www.google.com/maps/@?api=1&map_action=pano&viewpoint=39.935156,-75.232805",,
459 E INDIANA AVE,071249200,"building, high, not on the City list","building, high","Two or more L&I records say vacant (sealed, unsafe, or a vacant property case), but the City's list leaves it out.",Same signs of vacancy; also whether repair work has started.,"sealed by the City in 2026, no permit since; vacant property violation or complaint since October 2024; the 2023 land use map shows a use other than vacant","https://www.google.com/maps/search/?api=1&query=39.994663,-75.122055","https://www.google.com/maps/@?api=1&map_action=pano&viewpoint=39.994663,-75.122055",,
3013 N 21ST ST,111284100,"building, medium, only the City list","building, medium",Only the City's list calls it vacant; no L&I record from the last few years agrees.,"Signs of vacancy, or signs of life (lights, plants, cars, a recent renovation).",City lists it as a likely vacant building; the 2023 land use map shows a use other than vacant,"https://www.google.com/maps/search/?api=1&query=40.000317,-75.164698","https://www.google.com/maps/@?api=1&map_action=pano&viewpoint=40.000317,-75.164698",,
5219 CHESTER AVE,511272900,"building, medium, only the City list","building, medium",Only the City's list calls it vacant; no L&I record from the last few years agrees.,"Signs of vacancy, or signs of life (lights, plants, cars, a recent renovation).",City lists it as a likely vacant building; the 2023 land use map shows a use other than vacant,"https://www.google.com/maps/search/?api=1&query=39.941427,-75.220919","https://www.google.com/maps/@?api=1&map_action=pano&viewpoint=39.941427,-75.220919",,
4292 GRISCOM ST,232429100,"building, medium, only the City list","building, medium",Only the City's list calls it vacant; no L&I record from the last few years agrees.,"Signs of vacancy, or signs of life (lights, plants, cars, a recent renovation).",City lists it as a likely vacant building; the 2023 land use map shows a use other than vacant,"https://www.google.com/maps/search/?api=1&query=40.011437,-75.090232","https://www.google.com/maps/@?api=1&map_action=pano&viewpoint=40.011437,-75.090232",,
6849 CHESTER AVE,403235600,"building, medium, only the City list","building, medium",Only the City's list calls it vacant; no L&I record from the last few years agrees.,"Signs of vacancy, or signs of life (lights, plants, cars, a recent renovation).",City lists it as a likely vacant building; the 2023 land use map shows a use other than vacant,"https://www.google.com/maps/search/?api=1&query=39.925444,-75.243584","https://www.google.com/maps/@?api=1&map_action=pano&viewpoint=39.925444,-75.243584",,
4906 COTTAGE ST,232372700,"building, medium, only the City list","building, medium",Only the City's list calls it vacant; no L&I record from the last few years agrees.,"Signs of vacancy, or signs of life (lights, plants, cars, a recent renovation).",City lists it as a likely vacant building; the 2023 land use map shows a use other than vacant,"https://www.google.com/maps/search/?api=1&query=40.016340,-75.075429","https://www.google.com/maps/@?api=1&map_action=pano&viewpoint=40.016340,-75.075429",,
5210 HESTON ST,521036400,"building, medium, only the City list","building, medium",Only the City's list calls it vacant; no L&I record from the last few years agrees.,"Signs of vacancy, or signs of life (lights, plants, cars, a recent renovation).",City lists it as a likely vacant building; the 2023 land use map shows a use other than vacant,"https://www.google.com/maps/search/?api=1&query=39.980034,-75.225553","https://www.google.com/maps/@?api=1&map_action=pano&viewpoint=39.980034,-75.225553",,
1838 S 17TH ST,871573820,"building, low, one complaint or note","building, low","A single vacant property complaint, violation or assessor note is the only sign; many such houses are lived in.",Whether it looks lived in.,"vacant property violation or complaint since October 2024; new construction permit in 2026, construction may be starting; the 2023 land use map shows a use other than vacant; a building or trade permit since October 2024","https://www.google.com/maps/search/?api=1&query=39.927555,-75.174171","https://www.google.com/maps/@?api=1&map_action=pano&viewpoint=39.927555,-75.174171",,
757 HELLERMAN ST,353070900,"building, low, one complaint or note","building, low","A single vacant property complaint, violation or assessor note is the only sign; many such houses are lived in.",Whether it looks lived in.,vacant property violation or complaint since October 2024; the 2023 land use map shows a use other than vacant,"https://www.google.com/maps/search/?api=1&query=40.048254,-75.088931","https://www.google.com/maps/@?api=1&map_action=pano&viewpoint=40.048254,-75.088931",,
5236 WEBSTER ST,462119200,"building, low, one complaint or note","building, low","A single vacant property complaint, violation or assessor note is the only sign; many such houses are lived in.",Whether it looks lived in.,vacant property violation or complaint since October 2024; the 2023 land use map shows a use other than vacant,"https://www.google.com/maps/search/?api=1&query=39.948284,-75.228937","https://www.google.com/maps/@?api=1&map_action=pano&viewpoint=39.948284,-75.228937",,
3325 RAND ST,331361000,"building, low, one complaint or note","building, low","A single vacant property complaint, violation or assessor note is the only sign; many such houses are lived in.",Whether it looks lived in.,"vacant property violation or complaint since October 2024; new construction permit in 2023, a building may stand now; the 2023 land use map shows a use other than vacant","https://www.google.com/maps/search/?api=1&query=39.998542,-75.112155","https://www.google.com/maps/@?api=1&map_action=pano&viewpoint=39.998542,-75.112155",,
3717 N 9TH ST,432322000,"building, low, one complaint or note","building, low","A single vacant property complaint, violation or assessor note is the only sign; many such houses are lived in.",Whether it looks lived in.,the assessor noted a vacant or sealed exterior; the 2023 land use map shows a use other than vacant,"https://www.google.com/maps/search/?api=1&query=40.008647,-75.142471","https://www.google.com/maps/@?api=1&map_action=pano&viewpoint=40.008647,-75.142471",,
4548 SALMON ST,453274300,"lot, medium, not on the City list","lot, medium","No building and the assessor calls it vacant land, but the City's list leaves it out. Our aerial check found most of these empty, some kept as side yards or parking.","Empty lot, a fenced and kept yard, parking, or a garden.","the assessor classifies it as vacant land; no building footprint on the parcel; the owner of the lived in building next door also owns it, likely a side yard","https://www.google.com/maps/search/?api=1&query=40.000375,-75.070220","https://www.google.com/maps/@?api=1&map_action=pano&viewpoint=40.000375,-75.070220",,
2876 EMERALD ST,252507200,"lot, medium, not on the City list","lot, medium","No building and the assessor calls it vacant land, but the City's list leaves it out. Our aerial check found most of these empty, some kept as side yards or parking.","Empty lot, a fenced and kept yard, parking, or a garden.","the assessor classifies it as vacant land; no building footprint on the parcel; the owner of the lived in building next door also owns it, likely a side yard","https://www.google.com/maps/search/?api=1&query=39.990538,-75.118785","https://www.google.com/maps/@?api=1&map_action=pano&viewpoint=39.990538,-75.118785",,
5937 OSAGE AVE,032054200,"lot, medium, not on the City list","lot, medium","No building and the assessor calls it vacant land, but the City's list leaves it out. Our aerial check found most of these empty, some kept as side yards or parking.","Empty lot, a fenced and kept yard, parking, or a garden.","the assessor classifies it as vacant land; no building footprint on the parcel; new construction permit in 2025, construction may be starting; a building or trade permit since October 2024","https://www.google.com/maps/search/?api=1&query=39.954995,-75.241259","https://www.google.com/maps/@?api=1&map_action=pano&viewpoint=39.954995,-75.241259",,
2108 N ORKNEY ST,191283300,"lot, medium, not on the City list","lot, medium","No building and the assessor calls it vacant land, but the City's list leaves it out. Our aerial check found most of these empty, some kept as side yards or parking.","Empty lot, a fenced and kept yard, parking, or a garden.","the assessor classifies it as vacant land; no building footprint on the parcel; the owner of the lived in building next door also owns it, likely a side yard","https://www.google.com/maps/search/?api=1&query=39.983168,-75.141784","https://www.google.com/maps/@?api=1&map_action=pano&viewpoint=39.983168,-75.141784",,
5060-66 PARRISH ST,441319610,"lot, medium, not on the City list","lot, medium","No building and the assessor calls it vacant land, but the City's list leaves it out. Our aerial check found most of these empty, some kept as side yards or parking.","Empty lot, a fenced and kept yard, parking, or a garden.",the assessor classifies it as vacant land; no building footprint on the parcel,"https://www.google.com/maps/search/?api=1&query=39.966739,-75.222259","https://www.google.com/maps/@?api=1&map_action=pano&viewpoint=39.966739,-75.222259",,
7212 BINGHAM ST,532379900,"lot, medium, not on the City list","lot, medium","No building and the assessor calls it vacant land, but the City's list leaves it out. Our aerial check found most of these empty, some kept as side yards or parking.","Empty lot, a fenced and kept yard, parking, or a garden.","the assessor classifies it as vacant land; no building footprint on the parcel; new construction permit in 2026, construction may be starting; a building or trade permit since October 2024","https://www.google.com/maps/search/?api=1&query=40.059065,-75.084066","https://www.google.com/maps/@?api=1&map_action=pano&viewpoint=40.059065,-75.084066",,
2308 N FAWN ST,371243600,"lot, conflict: City says lot, a footprint stands","lot (conflict), low","The City lists it as vacant land, but the building footprint layer shows a building and no demolition is recorded.","Is there a building? If so, is it vacant?",City lists it as likely vacant land; the assessor classifies it as vacant land; cleaned and maintained by PHS LandCare,"https://www.google.com/maps/search/?api=1&query=39.987892,-75.152718","https://www.google.com/maps/@?api=1&map_action=pano&viewpoint=39.987892,-75.152718",,
2950 W LEHIGH AVE,282000011,"lot, conflict: City says lot, a footprint stands","lot (conflict), low","The City lists it as vacant land, but the building footprint layer shows a building and no demolition is recorded.","Is there a building? If so, is it vacant?",City lists it as likely vacant land; the assessor classifies it as vacant land; cleaned and maintained by PHS LandCare,"https://www.google.com/maps/search/?api=1&query=39.997019,-75.180129","https://www.google.com/maps/@?api=1&map_action=pano&viewpoint=39.997019,-75.180129",,
2911 N MARSHALL ST,372022031,"lot, conflict: City says lot, a footprint stands","lot (conflict), low","The City lists it as vacant land, but the building footprint layer shows a building and no demolition is recorded.","Is there a building? If so, is it vacant?","City lists it as likely vacant land; the assessor classifies it as vacant land; the owner of the lived in building next door also owns it, likely a side yard","https://www.google.com/maps/search/?api=1&query=39.995839,-75.142083","https://www.google.com/maps/@?api=1&map_action=pano&viewpoint=39.995839,-75.142083",,
3146 MELVALE ST,251152602,"lot, conflict: City says lot, a footprint stands","lot (conflict), low","The City lists it as vacant land, but the building footprint layer shows a building and no demolition is recorded.","Is there a building? If so, is it vacant?",City lists it as likely vacant land; the assessor classifies it as vacant land,"https://www.google.com/maps/search/?api=1&query=39.982001,-75.102476","https://www.google.com/maps/@?api=1&map_action=pano&viewpoint=39.982001,-75.102476",,
3959 BROWN ST,243123910,lot with a recent new construction permit,"lot, medium",A new construction permit was issued since April 2025; the lot may now be a construction site or a new house.,"Construction fencing, foundations, a new building, or still an empty lot.","City lists it as likely vacant land; the assessor classifies it as vacant land; no building footprint on the parcel; cleaned and maintained by PHS LandCare; new construction permit in 2026, construction may be starting; a building or trade permit since October 2024","https://www.google.com/maps/search/?api=1&query=39.967652,-75.202471","https://www.google.com/maps/@?api=1&map_action=pano&viewpoint=39.967652,-75.202471",,
1603 W DAUPHIN ST,161268900,lot with a recent new construction permit,"lot, medium",A new construction permit was issued since April 2025; the lot may now be a construction site or a new house.,"Construction fencing, foundations, a new building, or still an empty lot.","City lists it as likely vacant land; the assessor classifies it as vacant land; no building footprint on the parcel; vacant lot violation or complaint since October 2024; cleaned and maintained by PHS LandCare; new construction permit in 2026, construction may be starting; a building or trade permit since October 2024","https://www.google.com/maps/search/?api=1&query=39.988482,-75.159269","https://www.google.com/maps/@?api=1&map_action=pano&viewpoint=39.988482,-75.159269",,
1009 N 45TH ST,062357700,lot with a recent new construction permit,"lot, medium",A new construction permit was issued since April 2025; the lot may now be a construction site or a new house.,"Construction fencing, foundations, a new building, or still an empty lot.","City lists it as likely vacant land; the assessor classifies it as vacant land; no building footprint on the parcel; new construction permit in 2026, construction may be starting; a building or trade permit since October 2024","https://www.google.com/maps/search/?api=1&query=39.971703,-75.212554","https://www.google.com/maps/@?api=1&map_action=pano&viewpoint=39.971703,-75.212554",,
4532 TACKAWANNA ST,232335500,"lot, high, likely side yard","lot, high","Every record says vacant land, but the owner of the house next door owns it; it may be a kept side yard.","A fence joining it to the house next door, a lawn or garden kept by the neighbor, or an open neglected lot.","City lists it as likely vacant land; the assessor classifies it as vacant land; no building footprint on the parcel; the owner of the lived in building next door also owns it, likely a side yard","https://www.google.com/maps/search/?api=1&query=40.011218,-75.082371","https://www.google.com/maps/@?api=1&map_action=pano&viewpoint=40.011218,-75.082371",,
2517 N HANCOCK ST,192048701,"lot, high, likely side yard","lot, high","Every record says vacant land, but the owner of the house next door owns it; it may be a kept side yard.","A fence joining it to the house next door, a lawn or garden kept by the neighbor, or an open neglected lot.","City lists it as likely vacant land; the assessor classifies it as vacant land; no building footprint on the parcel; the owner of the lived in building next door also owns it, likely a side yard","https://www.google.com/maps/search/?api=1&query=39.988701,-75.134175","https://www.google.com/maps/@?api=1&map_action=pano&viewpoint=39.988701,-75.134175",,
4110 LUDLOW ST,271138800,"lot, high, likely side yard","lot, high","Every record says vacant land, but the owner of the house next door owns it; it may be a kept side yard.","A fence joining it to the house next door, a lawn or garden kept by the neighbor, or an open neglected lot.","City lists it as likely vacant land; the assessor classifies it as vacant land; no building footprint on the parcel; the owner of the lived in building next door also owns it, likely a side yard","https://www.google.com/maps/search/?api=1&query=39.956518,-75.204676","https://www.google.com/maps/@?api=1&map_action=pano&viewpoint=39.956518,-75.204676",,
868 N 49TH ST,871569480,aerial spot check was unclear,"lot, low","Spot check: a roofless shell with rubble; vacant for sure, but is it a lot or a building to seal?",Whether walls still stand and whether it is open to entry.,"demolished in 2023, no building permit since; vacant lot violation or complaint since October 2024; the assessor noted a vacant or sealed exterior; the 2023 land use map shows a use other than vacant","https://www.google.com/maps/search/?api=1&query=39.967828,-75.218955","https://www.google.com/maps/@?api=1&map_action=pano&viewpoint=39.967828,-75.218955",,
2617 N SARTAIN ST,371212901,aerial spot check was unclear,"lot, high",Spot check: the parcel line falls half on an open strip and half on a neighbor's roof in the 2023 photo.,Whether this address is an empty lot or a house.,City lists it as likely vacant land; the assessor classifies it as vacant land; no building footprint on the parcel; vacant lot violation or complaint since October 2024; cleaned and maintained by PHS LandCare,"https://www.google.com/maps/search/?api=1&query=39.992174,-75.150457","https://www.google.com/maps/@?api=1&map_action=pano&viewpoint=39.992174,-75.150457",,
2721 OAKFORD ST,362045405,aerial spot check was unclear,"lot, medium",Spot check: a black strip in the 2023 photo could be a shaded empty lot or a black roof.,Whether this address is an empty lot or a house.,"the assessor classifies it as vacant land; no building footprint on the parcel; the owner of the lived in building next door also owns it, likely a side yard","https://www.google.com/maps/search/?api=1&query=39.938230,-75.189418","https://www.google.com/maps/@?api=1&map_action=pano&viewpoint=39.938230,-75.189418",,
1549 S BAMBREY ST,364204300,aerial spot check was unclear,"lot, low","Spot check: the parcel line straddles an open strip and a roof, and a new construction permit followed.","Empty lot, construction site, or new house.","City lists it as likely vacant land; the assessor classifies it as vacant land; no building footprint on the parcel; vacant lot violation or complaint since October 2024; cleaned and maintained by PHS LandCare; new construction permit in 2024, a building may stand now; the 2023 land use map shows a use other than vacant; a building or trade permit since October 2024","https://www.google.com/maps/search/?api=1&query=39.933105,-75.187453","https://www.google.com/maps/@?api=1&map_action=pano&viewpoint=39.933105,-75.187453",,
