Measure,Kept (on both lists),New in 2026,Dropped since 2024
Parcels (account still in OPA),19648,8883,4926
Demolition recorded since June 2024,4 (0%),348 (4%),1 (0%)
Any demolition recorded since 2007,3450 (18%),1487 (17%),2032 (41%)
New construction permit since June 2024,708 (4%),224 (3%),686 (14%)
"Any building, trade or zoning permit since June 2024",749 (4%),541 (6%),765 (16%)
Deed recorded since June 2024,1681 (9%),804 (9%),1013 (21%)
Sheriff deed since June 2024,543 (3%),224 (3%),91 (2%)
Land Bank deed since June 2024,154 (1%),21 (0%),87 (2%)
Permit or deed since June 2024,2021 (10%),1182 (13%),1298 (26%)
Footprint present now,1230 (6%),1364 (15%),1525 (31%)
OPA says vacant land now,19559 (100%),8526 (96%),3316 (67%)
In LandCare,9981 (51%),1281 (14%),413 (8%)
Garden or park now,126 (1%),111 (1%),176 (4%)
On the other 2024 list,268 (1%),412 (5%),43 (1%)
On the other 2026 list,760 (4%),200 (2%),146 (3%)
