kind,confidence,parcels,empty or green lot,building present,parking,garden or park,unclear,"empty lots (unclear against, then for)","95% interval, unclear against","95% interval, unclear for"
building,high,13,0,13,0,0,0,,,
building,low,14,0,14,0,0,0,,,
building,medium,10,0,10,0,0,0,,,
excluded,,3,2,0,0,1,0,,,
lot,high,26,24,0,0,0,2,24 to 26 of 26,76 to 98%,87 to 100%
lot,low,10,4,1,1,0,4,4 to 8 of 10,17 to 69%,49 to 94%
lot,medium,23,18,1,2,0,2,18 to 20 of 23,58 to 90%,68 to 95%
lot_conflict,low,9,3,4,2,0,0,3 to 3 of 9,12 to 65%,12 to 65%
not a candidate,,7,0,5,0,0,2,,,
